source,id,indicator,location,iso3,location_name,year,value,value_num,low,high,series,dim1,dim2,dim3,dimensions_json,attributes_json,unit,observation_source,footnotes_json,indicator_codes_json
sdg,3.8.2,"Proportion of the population with positive out-of-pocket household expenditure on health exceeding 40% of household discretionary budget, by location, quintile, type of household and characteristics of the head of household (%)",608,PHL,Philippines,2015,34.89,34.89,,,SH_OOP_XPD_EARNNET40,,,,"{""Age"": ""ALLAGE"", ""Location"": ""ALLAREA"", ""Sex"": ""BOTHSEX"", ""Reporting Type"": ""G"", ""Quantile"": ""_T"", ""Type_of_household"": ""HH_MULTIGEN""}","{""Nature"": ""G"", ""Units"": ""PERCENT""}",PERCENT,Philippines - Family Income and Expenditure Survey 2015,"[""Survey-based estimate, using household total consumption expenditure in the denominator""]","[""3.8.2""]"
sdg,3.8.2,"Proportion of the population with positive out-of-pocket household expenditure on health exceeding 40% of household discretionary budget, by location, quintile, type of household and characteristics of the head of household (%)",608,PHL,Philippines,2015,17.31,17.31,,,SH_OOP_XPD_EARNNET40,,,,"{""Age"": ""ALLAGE"", ""Location"": ""URBAN"", ""Sex"": ""BOTHSEX"", ""Reporting Type"": ""G"", ""Quantile"": ""_T"", ""Type_of_household"": ""_T""}","{""Nature"": ""G"", ""Units"": ""PERCENT""}",PERCENT,Philippines - Family Income and Expenditure Survey 2015,"[""Survey-based estimate, using household total consumption expenditure in the denominator""]","[""3.8.2""]"
sdg,3.8.2,"Proportion of the population with positive out-of-pocket household expenditure on health exceeding 40% of household discretionary budget, by location, quintile, type of household and characteristics of the head of household (%)",608,PHL,Philippines,2015,18.27,18.27,,,SH_OOP_XPD_EARNNET40,,,,"{""Age"": ""ALLAGE"", ""Location"": ""ALLAREA"", ""Sex"": ""BOTHSEX"", ""Reporting Type"": ""G"", ""Quantile"": ""_T"", ""Type_of_household"": ""HH_ADTWOLDER""}","{""Nature"": ""G"", ""Units"": ""PERCENT""}",PERCENT,Philippines - Family Income and Expenditure Survey 2015,"[""Survey-based estimate, using household total consumption expenditure in the denominator""]","[""3.8.2""]"
sdg,3.8.2,"Proportion of the population with positive out-of-pocket household expenditure on health exceeding 40% of household discretionary budget, by location, quintile, type of household and characteristics of the head of household (%)",608,PHL,Philippines,2015,39.59,39.59,,,SH_OOP_XPD_EARNNET40,,,,"{""Age"": ""ALLAGE"", ""Location"": ""ALLAREA"", ""Sex"": ""BOTHSEX"", ""Reporting Type"": ""G"", ""Quantile"": ""_T"", ""Type_of_household"": ""HH_ADTWCHLDADO""}","{""Nature"": ""G"", ""Units"": ""PERCENT""}",PERCENT,Philippines - Family Income and Expenditure Survey 2015,"[""Survey-based estimate, using household total consumption expenditure in the denominator""]","[""3.8.2""]"
sdg,3.8.2,"Proportion of the population with positive out-of-pocket household expenditure on health exceeding 40% of household discretionary budget, by location, quintile, type of household and characteristics of the head of household (%)",608,PHL,Philippines,2015,70.34,70.34,,,SH_OOP_XPD_EARNNET40,,,,"{""Age"": ""ALLAGE"", ""Location"": ""ALLAREA"", ""Sex"": ""BOTHSEX"", ""Reporting Type"": ""G"", ""Quantile"": ""Q2"", ""Type_of_household"": ""_T""}","{""Nature"": ""G"", ""Units"": ""PERCENT""}",PERCENT,Philippines - Family Income and Expenditure Survey 2015,"[""Survey-based estimate, using household total consumption expenditure in the denominator""]","[""3.8.2""]"
sdg,3.8.2,"Proportion of the population with positive out-of-pocket household expenditure on health exceeding 40% of household discretionary budget, by location, quintile, type of household and characteristics of the head of household (%)",608,PHL,Philippines,2015,48.98,48.98,,,SH_OOP_XPD_EARNNET40,,,,"{""Age"": ""ALLAGE"", ""Location"": ""RURAL"", ""Sex"": ""BOTHSEX"", ""Reporting Type"": ""G"", ""Quantile"": ""_T"", ""Type_of_household"": ""_T""}","{""Nature"": ""G"", ""Units"": ""PERCENT""}",PERCENT,Philippines - Family Income and Expenditure Survey 2015,"[""Survey-based estimate, using household total consumption expenditure in the denominator""]","[""3.8.2""]"
sdg,3.8.2,"Proportion of the population with positive out-of-pocket household expenditure on health exceeding 40% of household discretionary budget, by location, quintile, type of household and characteristics of the head of household (%)",608,PHL,Philippines,2015,2.46,2.46,,,SH_OOP_XPD_EARNNET40,,,,"{""Age"": ""ALLAGE"", ""Location"": ""ALLAREA"", ""Sex"": ""BOTHSEX"", ""Reporting Type"": ""G"", ""Quantile"": ""Q5"", ""Type_of_household"": ""_T""}","{""Nature"": ""G"", ""Units"": ""PERCENT""}",PERCENT,Philippines - Family Income and Expenditure Survey 2015,"[""Survey-based estimate, using household total consumption expenditure in the denominator""]","[""3.8.2""]"
sdg,3.8.2,"Proportion of the population with positive out-of-pocket household expenditure on health exceeding 40% of household discretionary budget, by location, quintile, type of household and characteristics of the head of household (%)",608,PHL,Philippines,2015,2.49,2.49,,,SH_OOP_XPD_EARNNET40,,,,"{""Age"": ""ALLAGE"", ""Location"": ""ALLAREA"", ""Sex"": ""BOTHSEX"", ""Reporting Type"": ""G"", ""Quantile"": ""Q4"", ""Type_of_household"": ""_T""}","{""Nature"": ""G"", ""Units"": ""PERCENT""}",PERCENT,Philippines - Family Income and Expenditure Survey 2015,"[""Survey-based estimate, using household total consumption expenditure in the denominator""]","[""3.8.2""]"
sdg,3.8.2,"Proportion of the population with positive out-of-pocket household expenditure on health exceeding 40% of household discretionary budget, by location, quintile, type of household and characteristics of the head of household (%)",608,PHL,Philippines,2015,95.39,95.39,,,SH_OOP_XPD_EARNNET40,,,,"{""Age"": ""ALLAGE"", ""Location"": ""ALLAREA"", ""Sex"": ""BOTHSEX"", ""Reporting Type"": ""G"", ""Quantile"": ""Q1"", ""Type_of_household"": ""_T""}","{""Nature"": ""G"", ""Units"": ""PERCENT""}",PERCENT,Philippines - Family Income and Expenditure Survey 2015,"[""Survey-based estimate, using household total consumption expenditure in the denominator""]","[""3.8.2""]"
sdg,3.8.2,"Proportion of the population with positive out-of-pocket household expenditure on health exceeding 40% of household discretionary budget, by location, quintile, type of household and characteristics of the head of household (%)",608,PHL,Philippines,2015,5.35,5.35,,,SH_OOP_XPD_EARNNET40,,,,"{""Age"": ""ALLAGE"", ""Location"": ""ALLAREA"", ""Sex"": ""BOTHSEX"", ""Reporting Type"": ""G"", ""Quantile"": ""Q3"", ""Type_of_household"": ""_T""}","{""Nature"": ""G"", ""Units"": ""PERCENT""}",PERCENT,Philippines - Family Income and Expenditure Survey 2015,"[""Survey-based estimate, using household total consumption expenditure in the denominator""]","[""3.8.2""]"
sdg,3.8.2,"Proportion of the population with positive out-of-pocket household expenditure on health exceeding 40% of household discretionary budget, by location, quintile, type of household and characteristics of the head of household (%)",608,PHL,Philippines,2015,35.21,35.21,,,SH_OOP_XPD_EARNNET40,,,,"{""Age"": ""ALLAGE"", ""Location"": ""ALLAREA"", ""Sex"": ""BOTHSEX"", ""Reporting Type"": ""G"", ""Quantile"": ""_T"", ""Type_of_household"": ""_T""}","{""Nature"": ""G"", ""Units"": ""PERCENT""}",PERCENT,Philippines - Family Income and Expenditure Survey 2015,"[""Survey-based estimate, using household total consumption expenditure in the denominator""]","[""3.8.2""]"
sdg,3.8.2,"Proportion of the population with positive out-of-pocket household expenditure on health exceeding 40% of household discretionary budget, by location, quintile, type of household and characteristics of the head of household (%)",608,PHL,Philippines,2015,25.71,25.71,,,SH_OOP_XPD_EARNNET40,,,,"{""Age"": ""ALLAGE"", ""Location"": ""ALLAREA"", ""Sex"": ""BOTHSEX"", ""Reporting Type"": ""G"", ""Quantile"": ""_T"", ""Type_of_household"": ""HH_ONLYOLDER""}","{""Nature"": ""G"", ""Units"": ""PERCENT""}",PERCENT,Philippines - Family Income and Expenditure Survey 2015,"[""Survey-based estimate, using household total consumption expenditure in the denominator""]","[""3.8.2""]"
sdg,3.8.2,"Proportion of the population with positive out-of-pocket household expenditure on health exceeding 40% of household discretionary budget, by location, quintile, type of household and characteristics of the head of household (%)",608,PHL,Philippines,2015,9.61,9.61,,,SH_OOP_XPD_EARNNET40,,,,"{""Age"": ""ALLAGE"", ""Location"": ""ALLAREA"", ""Sex"": ""BOTHSEX"", ""Reporting Type"": ""G"", ""Quantile"": ""_T"", ""Type_of_household"": ""HH_ADTONLY""}","{""Nature"": ""G"", ""Units"": ""PERCENT""}",PERCENT,Philippines - Family Income and Expenditure Survey 2015,"[""Survey-based estimate, using household total consumption expenditure in the denominator""]","[""3.8.2""]"
sdg,3.8.2,"Proportion of the population with positive out-of-pocket household expenditure on health exceeding 40% of household discretionary budget, by location, quintile, type of household and characteristics of the head of household (%)",608,PHL,Philippines,2015,37.60,37.6,,,SH_OOP_XPD_EARNNET40,,,,"{""Age"": ""ALLAGE"", ""Location"": ""ALLAREA"", ""Sex"": ""MALE"", ""Reporting Type"": ""G"", ""Quantile"": ""_T"", ""Type_of_household"": ""_T""}","{""Nature"": ""G"", ""Units"": ""PERCENT""}",PERCENT,Philippines - Family Income and Expenditure Survey 2015,"[""Survey-based estimate, using household total consumption expenditure in the denominator""]","[""3.8.2""]"
sdg,3.8.2,"Proportion of the population with positive out-of-pocket household expenditure on health exceeding 40% of household discretionary budget, by location, quintile, type of household and characteristics of the head of household (%)",608,PHL,Philippines,2015,25.34,25.34,,,SH_OOP_XPD_EARNNET40,,,,"{""Age"": ""ALLAGE"", ""Location"": ""ALLAREA"", ""Sex"": ""FEMALE"", ""Reporting Type"": ""G"", ""Quantile"": ""_T"", ""Type_of_household"": ""_T""}","{""Nature"": ""G"", ""Units"": ""PERCENT""}",PERCENT,Philippines - Family Income and Expenditure Survey 2015,"[""Survey-based estimate, using household total consumption expenditure in the denominator""]","[""3.8.2""]"
sdg,3.8.2,"Proportion of the population with positive out-of-pocket household expenditure on health exceeding 40% of household discretionary budget, by location, quintile, type of household and characteristics of the head of household (%)",608,PHL,Philippines,2015,36.44,36.44,,,SH_OOP_XPD_EARNNET40,,,,"{""Location"": ""ALLAREA"", ""Sex"": ""BOTHSEX"", ""Reporting Type"": ""G"", ""Quantile"": ""_T"", ""Age"": ""0-59"", ""Type_of_household"": ""_T""}","{""Nature"": ""G"", ""Units"": ""PERCENT""}",PERCENT,Philippines - Family Income and Expenditure Survey 2015,"[""Survey-based estimate, using household total consumption expenditure in the denominator""]","[""3.8.2""]"
sdg,3.8.2,"Proportion of the population with positive out-of-pocket household expenditure on health exceeding 40% of household discretionary budget, by location, quintile, type of household and characteristics of the head of household (%)",608,PHL,Philippines,2015,31.61,31.61,,,SH_OOP_XPD_EARNNET40,,,,"{""Location"": ""ALLAREA"", ""Sex"": ""BOTHSEX"", ""Reporting Type"": ""G"", ""Quantile"": ""_T"", ""Age"": ""60+"", ""Type_of_household"": ""_T""}","{""Nature"": ""G"", ""Units"": ""PERCENT""}",PERCENT,Philippines - Family Income and Expenditure Survey 2015,"[""Survey-based estimate, using household total consumption expenditure in the denominator""]","[""3.8.2""]"
sdg,3.8.2,"Proportion of the population with positive out-of-pocket household expenditure on health exceeding 40% of household discretionary budget, by location, quintile, type of household and characteristics of the head of household (%)",608,PHL,Philippines,2018,18.48,18.48,,,SH_OOP_XPD_EARNNET40,,,,"{""Age"": ""ALLAGE"", ""Location"": ""URBAN"", ""Sex"": ""BOTHSEX"", ""Reporting Type"": ""G"", ""Quantile"": ""_T"", ""Type_of_household"": ""_T""}","{""Nature"": ""C"", ""Units"": ""PERCENT""}",PERCENT,Philippines - Household Income and Expenditure Survey 2018,"[""Survey-based estimate, using household total consumption expenditure in the denominator""]","[""3.8.2""]"
sdg,3.8.2,"Proportion of the population with positive out-of-pocket household expenditure on health exceeding 40% of household discretionary budget, by location, quintile, type of household and characteristics of the head of household (%)",608,PHL,Philippines,2018,27.58,27.58,,,SH_OOP_XPD_EARNNET40,,,,"{""Location"": ""ALLAREA"", ""Sex"": ""BOTHSEX"", ""Reporting Type"": ""G"", ""Quantile"": ""_T"", ""Age"": ""60+"", ""Type_of_household"": ""_T""}","{""Nature"": ""C"", ""Units"": ""PERCENT""}",PERCENT,Philippines - Household Income and Expenditure Survey 2018,"[""Survey-based estimate, using household total consumption expenditure in the denominator""]","[""3.8.2""]"
sdg,3.8.2,"Proportion of the population with positive out-of-pocket household expenditure on health exceeding 40% of household discretionary budget, by location, quintile, type of household and characteristics of the head of household (%)",608,PHL,Philippines,2018,56.92,56.92,,,SH_OOP_XPD_EARNNET40,,,,"{""Age"": ""ALLAGE"", ""Location"": ""ALLAREA"", ""Sex"": ""BOTHSEX"", ""Reporting Type"": ""G"", ""Quantile"": ""Q2"", ""Type_of_household"": ""_T""}","{""Nature"": ""C"", ""Units"": ""PERCENT""}",PERCENT,Philippines - Household Income and Expenditure Survey 2018,"[""Survey-based estimate, using household total consumption expenditure in the denominator""]","[""3.8.2""]"
sdg,3.8.2,"Proportion of the population with positive out-of-pocket household expenditure on health exceeding 40% of household discretionary budget, by location, quintile, type of household and characteristics of the head of household (%)",608,PHL,Philippines,2018,45.93,45.93,,,SH_OOP_XPD_EARNNET40,,,,"{""Age"": ""ALLAGE"", ""Location"": ""RURAL"", ""Sex"": ""BOTHSEX"", ""Reporting Type"": ""G"", ""Quantile"": ""_T"", ""Type_of_household"": ""_T""}","{""Nature"": ""C"", ""Units"": ""PERCENT""}",PERCENT,Philippines - Household Income and Expenditure Survey 2018,"[""Survey-based estimate, using household total consumption expenditure in the denominator""]","[""3.8.2""]"
sdg,3.8.2,"Proportion of the population with positive out-of-pocket household expenditure on health exceeding 40% of household discretionary budget, by location, quintile, type of household and characteristics of the head of household (%)",608,PHL,Philippines,2018,1.36,1.36,,,SH_OOP_XPD_EARNNET40,,,,"{""Age"": ""ALLAGE"", ""Location"": ""ALLAREA"", ""Sex"": ""BOTHSEX"", ""Reporting Type"": ""G"", ""Quantile"": ""Q5"", ""Type_of_household"": ""_T""}","{""Nature"": ""C"", ""Units"": ""PERCENT""}",PERCENT,Philippines - Household Income and Expenditure Survey 2018,"[""Survey-based estimate, using household total consumption expenditure in the denominator""]","[""3.8.2""]"
sdg,3.8.2,"Proportion of the population with positive out-of-pocket household expenditure on health exceeding 40% of household discretionary budget, by location, quintile, type of household and characteristics of the head of household (%)",608,PHL,Philippines,2018,1.30,1.3,,,SH_OOP_XPD_EARNNET40,,,,"{""Age"": ""ALLAGE"", ""Location"": ""ALLAREA"", ""Sex"": ""BOTHSEX"", ""Reporting Type"": ""G"", ""Quantile"": ""Q4"", ""Type_of_household"": ""_T""}","{""Nature"": ""C"", ""Units"": ""PERCENT""}",PERCENT,Philippines - Household Income and Expenditure Survey 2018,"[""Survey-based estimate, using household total consumption expenditure in the denominator""]","[""3.8.2""]"
sdg,3.8.2,"Proportion of the population with positive out-of-pocket household expenditure on health exceeding 40% of household discretionary budget, by location, quintile, type of household and characteristics of the head of household (%)",608,PHL,Philippines,2018,2.58,2.58,,,SH_OOP_XPD_EARNNET40,,,,"{""Age"": ""ALLAGE"", ""Location"": ""ALLAREA"", ""Sex"": ""BOTHSEX"", ""Reporting Type"": ""G"", ""Quantile"": ""Q3"", ""Type_of_household"": ""_T""}","{""Nature"": ""C"", ""Units"": ""PERCENT""}",PERCENT,Philippines - Household Income and Expenditure Survey 2018,"[""Survey-based estimate, using household total consumption expenditure in the denominator""]","[""3.8.2""]"
sdg,3.8.2,"Proportion of the population with positive out-of-pocket household expenditure on health exceeding 40% of household discretionary budget, by location, quintile, type of household and characteristics of the head of household (%)",608,PHL,Philippines,2018,32.92,32.92,,,SH_OOP_XPD_EARNNET40,,,,"{""Location"": ""ALLAREA"", ""Sex"": ""BOTHSEX"", ""Reporting Type"": ""G"", ""Quantile"": ""_T"", ""Age"": ""0-59"", ""Type_of_household"": ""_T""}","{""Nature"": ""C"", ""Units"": ""PERCENT""}",PERCENT,Philippines - Household Income and Expenditure Survey 2018,"[""Survey-based estimate, using household total consumption expenditure in the denominator""]","[""3.8.2""]"
sdg,3.8.2,"Proportion of the population with positive out-of-pocket household expenditure on health exceeding 40% of household discretionary budget, by location, quintile, type of household and characteristics of the head of household (%)",608,PHL,Philippines,2018,95.85,95.85,,,SH_OOP_XPD_EARNNET40,,,,"{""Age"": ""ALLAGE"", ""Location"": ""ALLAREA"", ""Sex"": ""BOTHSEX"", ""Reporting Type"": ""G"", ""Quantile"": ""Q1"", ""Type_of_household"": ""_T""}","{""Nature"": ""C"", ""Units"": ""PERCENT""}",PERCENT,Philippines - Household Income and Expenditure Survey 2018,"[""Survey-based estimate, using household total consumption expenditure in the denominator""]","[""3.8.2""]"
sdg,3.8.2,"Proportion of the population with positive out-of-pocket household expenditure on health exceeding 40% of household discretionary budget, by location, quintile, type of household and characteristics of the head of household (%)",608,PHL,Philippines,2018,31.60,31.6,,,SH_OOP_XPD_EARNNET40,,,,"{""Age"": ""ALLAGE"", ""Location"": ""ALLAREA"", ""Sex"": ""BOTHSEX"", ""Reporting Type"": ""G"", ""Quantile"": ""_T"", ""Type_of_household"": ""_T""}","{""Nature"": ""C"", ""Units"": ""PERCENT""}",PERCENT,Philippines - Household Income and Expenditure Survey 2018,"[""Survey-based estimate, using household total consumption expenditure in the denominator""]","[""3.8.2""]"
sdg,3.8.2,"Proportion of the population with positive out-of-pocket household expenditure on health exceeding 40% of household discretionary budget, by location, quintile, type of household and characteristics of the head of household (%)",608,PHL,Philippines,2018,34.01,34.01,,,SH_OOP_XPD_EARNNET40,,,,"{""Age"": ""ALLAGE"", ""Location"": ""ALLAREA"", ""Sex"": ""MALE"", ""Reporting Type"": ""G"", ""Quantile"": ""_T"", ""Type_of_household"": ""_T""}","{""Nature"": ""C"", ""Units"": ""PERCENT""}",PERCENT,Philippines - Household Income and Expenditure Survey 2018,"[""Survey-based estimate, using household total consumption expenditure in the denominator""]","[""3.8.2""]"
sdg,3.8.2,"Proportion of the population with positive out-of-pocket household expenditure on health exceeding 40% of household discretionary budget, by location, quintile, type of household and characteristics of the head of household (%)",608,PHL,Philippines,2018,22.32,22.32,,,SH_OOP_XPD_EARNNET40,,,,"{""Age"": ""ALLAGE"", ""Location"": ""ALLAREA"", ""Sex"": ""FEMALE"", ""Reporting Type"": ""G"", ""Quantile"": ""_T"", ""Type_of_household"": ""_T""}","{""Nature"": ""C"", ""Units"": ""PERCENT""}",PERCENT,Philippines - Household Income and Expenditure Survey 2018,"[""Survey-based estimate, using household total consumption expenditure in the denominator""]","[""3.8.2""]"
sdg,3.8.2,"Proportion of the population with positive out-of-pocket household expenditure on health exceeding 40% of household discretionary budget, by location, quintile, type of household and characteristics of the head of household (%)",608,PHL,Philippines,2021,33.85,33.85,,,SH_OOP_XPD_EARNNET40,,,,"{""Age"": ""ALLAGE"", ""Location"": ""ALLAREA"", ""Sex"": ""BOTHSEX"", ""Reporting Type"": ""G"", ""Quantile"": ""_T"", ""Type_of_household"": ""_T""}","{""Nature"": ""C"", ""Units"": ""PERCENT""}",PERCENT,Philippines - Household Income and Expenditure Survey 2021,"[""Survey-based estimate, using household total consumption expenditure in the denominator""]","[""3.8.2""]"
sdg,3.8.2,"Proportion of the population with positive out-of-pocket household expenditure on health exceeding 40% of household discretionary budget, by location, quintile, type of household and characteristics of the head of household (%)",608,PHL,Philippines,2021,99.52,99.52,,,SH_OOP_XPD_EARNNET40,,,,"{""Age"": ""ALLAGE"", ""Location"": ""ALLAREA"", ""Sex"": ""BOTHSEX"", ""Reporting Type"": ""G"", ""Quantile"": ""Q1"", ""Type_of_household"": ""_T""}","{""Nature"": ""C"", ""Units"": ""PERCENT""}",PERCENT,Philippines - Household Income and Expenditure Survey 2021,"[""Survey-based estimate, using household total consumption expenditure in the denominator""]","[""3.8.2""]"
sdg,3.8.2,"Proportion of the population with positive out-of-pocket household expenditure on health exceeding 40% of household discretionary budget, by location, quintile, type of household and characteristics of the head of household (%)",608,PHL,Philippines,2021,3.08,3.08,,,SH_OOP_XPD_EARNNET40,,,,"{""Age"": ""ALLAGE"", ""Location"": ""ALLAREA"", ""Sex"": ""BOTHSEX"", ""Reporting Type"": ""G"", ""Quantile"": ""Q3"", ""Type_of_household"": ""_T""}","{""Nature"": ""C"", ""Units"": ""PERCENT""}",PERCENT,Philippines - Household Income and Expenditure Survey 2021,"[""Survey-based estimate, using household total consumption expenditure in the denominator""]","[""3.8.2""]"
sdg,3.8.2,"Proportion of the population with positive out-of-pocket household expenditure on health exceeding 40% of household discretionary budget, by location, quintile, type of household and characteristics of the head of household (%)",608,PHL,Philippines,2021,63.14,63.14,,,SH_OOP_XPD_EARNNET40,,,,"{""Age"": ""ALLAGE"", ""Location"": ""ALLAREA"", ""Sex"": ""BOTHSEX"", ""Reporting Type"": ""G"", ""Quantile"": ""Q2"", ""Type_of_household"": ""_T""}","{""Nature"": ""C"", ""Units"": ""PERCENT""}",PERCENT,Philippines - Household Income and Expenditure Survey 2021,"[""Survey-based estimate, using household total consumption expenditure in the denominator""]","[""3.8.2""]"
sdg,3.8.2,"Proportion of the population with positive out-of-pocket household expenditure on health exceeding 40% of household discretionary budget, by location, quintile, type of household and characteristics of the head of household (%)",608,PHL,Philippines,2021,21.18,21.18,,,SH_OOP_XPD_EARNNET40,,,,"{""Age"": ""ALLAGE"", ""Location"": ""URBAN"", ""Sex"": ""BOTHSEX"", ""Reporting Type"": ""G"", ""Quantile"": ""_T"", ""Type_of_household"": ""_T""}","{""Nature"": ""C"", ""Units"": ""PERCENT""}",PERCENT,Philippines - Household Income and Expenditure Survey 2021,"[""Survey-based estimate, using household total consumption expenditure in the denominator""]","[""3.8.2""]"
sdg,3.8.2,"Proportion of the population with positive out-of-pocket household expenditure on health exceeding 40% of household discretionary budget, by location, quintile, type of household and characteristics of the head of household (%)",608,PHL,Philippines,2021,1.96,1.96,,,SH_OOP_XPD_EARNNET40,,,,"{""Age"": ""ALLAGE"", ""Location"": ""ALLAREA"", ""Sex"": ""BOTHSEX"", ""Reporting Type"": ""G"", ""Quantile"": ""Q5"", ""Type_of_household"": ""_T""}","{""Nature"": ""C"", ""Units"": ""PERCENT""}",PERCENT,Philippines - Household Income and Expenditure Survey 2021,"[""Survey-based estimate, using household total consumption expenditure in the denominator""]","[""3.8.2""]"
sdg,3.8.2,"Proportion of the population with positive out-of-pocket household expenditure on health exceeding 40% of household discretionary budget, by location, quintile, type of household and characteristics of the head of household (%)",608,PHL,Philippines,2021,1.54,1.54,,,SH_OOP_XPD_EARNNET40,,,,"{""Age"": ""ALLAGE"", ""Location"": ""ALLAREA"", ""Sex"": ""BOTHSEX"", ""Reporting Type"": ""G"", ""Quantile"": ""Q4"", ""Type_of_household"": ""_T""}","{""Nature"": ""C"", ""Units"": ""PERCENT""}",PERCENT,Philippines - Household Income and Expenditure Survey 2021,"[""Survey-based estimate, using household total consumption expenditure in the denominator""]","[""3.8.2""]"
sdg,3.8.2,"Proportion of the population with positive out-of-pocket household expenditure on health exceeding 40% of household discretionary budget, by location, quintile, type of household and characteristics of the head of household (%)",608,PHL,Philippines,2021,47.69,47.69,,,SH_OOP_XPD_EARNNET40,,,,"{""Age"": ""ALLAGE"", ""Location"": ""RURAL"", ""Sex"": ""BOTHSEX"", ""Reporting Type"": ""G"", ""Quantile"": ""_T"", ""Type_of_household"": ""_T""}","{""Nature"": ""C"", ""Units"": ""PERCENT""}",PERCENT,Philippines - Household Income and Expenditure Survey 2021,"[""Survey-based estimate, using household total consumption expenditure in the denominator""]","[""3.8.2""]"
sdg,3.8.2,"Proportion of the population with positive out-of-pocket household expenditure on health exceeding 40% of household discretionary budget, by location, quintile, type of household and characteristics of the head of household (%)",608,PHL,Philippines,2023,51.92,51.92,,,SH_OOP_XPD_EARNNET40,,,,"{""Age"": ""ALLAGE"", ""Location"": ""ALLAREA"", ""Sex"": ""BOTHSEX"", ""Reporting Type"": ""G"", ""Quantile"": ""Q2"", ""Type_of_household"": ""_T""}","{""Nature"": ""C"", ""Units"": ""PERCENT""}",PERCENT,Philippines - Household Income and Expenditure Survey 2023,"[""Survey-based estimate, using household total consumption expenditure in the denominator""]","[""3.8.2""]"
sdg,3.8.2,"Proportion of the population with positive out-of-pocket household expenditure on health exceeding 40% of household discretionary budget, by location, quintile, type of household and characteristics of the head of household (%)",608,PHL,Philippines,2023,97.14,97.14,,,SH_OOP_XPD_EARNNET40,,,,"{""Age"": ""ALLAGE"", ""Location"": ""ALLAREA"", ""Sex"": ""BOTHSEX"", ""Reporting Type"": ""G"", ""Quantile"": ""Q1"", ""Type_of_household"": ""_T""}","{""Nature"": ""C"", ""Units"": ""PERCENT""}",PERCENT,Philippines - Household Income and Expenditure Survey 2023,"[""Survey-based estimate, using household total consumption expenditure in the denominator""]","[""3.8.2""]"
sdg,3.8.2,"Proportion of the population with positive out-of-pocket household expenditure on health exceeding 40% of household discretionary budget, by location, quintile, type of household and characteristics of the head of household (%)",608,PHL,Philippines,2023,30.99,30.99,,,SH_OOP_XPD_EARNNET40,,,,"{""Age"": ""ALLAGE"", ""Location"": ""ALLAREA"", ""Sex"": ""BOTHSEX"", ""Reporting Type"": ""G"", ""Quantile"": ""_T"", ""Type_of_household"": ""_T""}","{""Nature"": ""C"", ""Units"": ""PERCENT""}",PERCENT,Philippines - Household Income and Expenditure Survey 2023,"[""Survey-based estimate, using household total consumption expenditure in the denominator""]","[""3.8.2""]"
sdg,3.8.2,"Proportion of the population with positive out-of-pocket household expenditure on health exceeding 40% of household discretionary budget, by location, quintile, type of household and characteristics of the head of household (%)",608,PHL,Philippines,2023,1.47,1.47,,,SH_OOP_XPD_EARNNET40,,,,"{""Age"": ""ALLAGE"", ""Location"": ""ALLAREA"", ""Sex"": ""BOTHSEX"", ""Reporting Type"": ""G"", ""Quantile"": ""Q4"", ""Type_of_household"": ""_T""}","{""Nature"": ""C"", ""Units"": ""PERCENT""}",PERCENT,Philippines - Household Income and Expenditure Survey 2023,"[""Survey-based estimate, using household total consumption expenditure in the denominator""]","[""3.8.2""]"
sdg,3.8.2,"Proportion of the population with positive out-of-pocket household expenditure on health exceeding 40% of household discretionary budget, by location, quintile, type of household and characteristics of the head of household (%)",608,PHL,Philippines,2023,2.65,2.65,,,SH_OOP_XPD_EARNNET40,,,,"{""Age"": ""ALLAGE"", ""Location"": ""ALLAREA"", ""Sex"": ""BOTHSEX"", ""Reporting Type"": ""G"", ""Quantile"": ""Q3"", ""Type_of_household"": ""_T""}","{""Nature"": ""C"", ""Units"": ""PERCENT""}",PERCENT,Philippines - Household Income and Expenditure Survey 2023,"[""Survey-based estimate, using household total consumption expenditure in the denominator""]","[""3.8.2""]"
sdg,3.8.2,"Proportion of the population with positive out-of-pocket household expenditure on health exceeding 40% of household discretionary budget, by location, quintile, type of household and characteristics of the head of household (%)",608,PHL,Philippines,2023,1.76,1.76,,,SH_OOP_XPD_EARNNET40,,,,"{""Age"": ""ALLAGE"", ""Location"": ""ALLAREA"", ""Sex"": ""BOTHSEX"", ""Reporting Type"": ""G"", ""Quantile"": ""Q5"", ""Type_of_household"": ""_T""}","{""Nature"": ""C"", ""Units"": ""PERCENT""}",PERCENT,Philippines - Household Income and Expenditure Survey 2023,"[""Survey-based estimate, using household total consumption expenditure in the denominator""]","[""3.8.2""]"
sdg,3.8.2,"Proportion of the population with positive out-of-pocket household expenditure on health exceeding 40% of household discretionary budget, by location, quintile, type of household and characteristics of the head of household (%)",608,PHL,Philippines,2023,19.74,19.74,,,SH_OOP_XPD_EARNNET40,,,,"{""Age"": ""ALLAGE"", ""Location"": ""URBAN"", ""Sex"": ""BOTHSEX"", ""Reporting Type"": ""G"", ""Quantile"": ""_T"", ""Type_of_household"": ""_T""}","{""Nature"": ""C"", ""Units"": ""PERCENT""}",PERCENT,Philippines - Household Income and Expenditure Survey 2023,"[""Survey-based estimate, using household total consumption expenditure in the denominator""]","[""3.8.2""]"
sdg,3.8.2,"Proportion of the population with positive out-of-pocket household expenditure on health exceeding 40% of household discretionary budget, by location, quintile, type of household and characteristics of the head of household (%)",608,PHL,Philippines,2023,44.89,44.89,,,SH_OOP_XPD_EARNNET40,,,,"{""Age"": ""ALLAGE"", ""Location"": ""RURAL"", ""Sex"": ""BOTHSEX"", ""Reporting Type"": ""G"", ""Quantile"": ""_T"", ""Type_of_household"": ""_T""}","{""Nature"": ""C"", ""Units"": ""PERCENT""}",PERCENT,Philippines - Household Income and Expenditure Survey 2023,"[""Survey-based estimate, using household total consumption expenditure in the denominator""]","[""3.8.2""]"
