source,id,indicator,location,iso3,location_name,year,value,value_num,low,high,series,dim1,dim2,dim3
sdg,3.1.1,Maternal mortality ratio,608,PHL,Philippines,2015,103.51507,103.51507,86.59277,126.87041,SH_STA_MORT,,,
sdg,3.1.1,Maternal mortality ratio,608,PHL,Philippines,2016,97.95528,97.95528,81.05303,120.71005,SH_STA_MORT,,,
sdg,3.1.1,Maternal mortality ratio,608,PHL,Philippines,2017,85.87139,85.87139,70.57523,107.40585,SH_STA_MORT,,,
sdg,3.1.1,Maternal mortality ratio,608,PHL,Philippines,2018,92.4242,92.4242,75.57691,118.14744,SH_STA_MORT,,,
sdg,3.1.1,Maternal mortality ratio,608,PHL,Philippines,2019,91.94279,91.94279,74.14899,119.26921,SH_STA_MORT,,,
sdg,3.1.1,Maternal mortality ratio,608,PHL,Philippines,2020,88.45692,88.45692,71.14937,118.33032,SH_STA_MORT,,,
sdg,3.1.1,Maternal mortality ratio,608,PHL,Philippines,2021,152.67588,152.67588,101.52507,252.08325,SH_STA_MORT,,,
sdg,3.1.1,Maternal mortality ratio,608,PHL,Philippines,2022,92.29797,92.29797,71.87944,130.16507,SH_STA_MORT,,,
sdg,3.1.1,Maternal mortality ratio,608,PHL,Philippines,2023,83.75268,83.75268,64.02125,119.25994,SH_STA_MORT,,,
